country_name,respid,gender,age,education,corganizedae
liberia,2001191,M,19,0,1
liberia,2001131,F,60,0,1
liberia,2001132,F,21,0,1
liberia,2001114,F,70,2,1
liberia,2001161,F,33,2,1
liberia,2001194,F,22,6,1
liberia,2001134,M,36,7,0
liberia,2001151,F,33,7,0
liberia,2001115,F,37,3,1
liberia,2001112,F,20,5,97
liberia,2001163,M,35,6,1
liberia,2001193,F,31,6,0
liberia,2001162,,,,1
liberia,2001133,M,39,6,1
liberia,2001192,M,42,6,1
liberia,2001153,F,25,3,1
liberia,2001152,F,32,7,1
liberia,2001113,M,56,88,1
liberia,2001164,F,50,5,1
liberia,2001135,M,32,5,1
liberia,2002104,M,23,5,1
liberia,2002201,F,29,5,1
liberia,2004186,M,32,5,1
liberia,2004122,M,52,0,1
liberia,2002105,F,82,6,1
liberia,2002121,M,46,8,1
liberia,2002144,F,20,3,0
liberia,2004187,F,50,0,1
liberia,2002102,F,52,0,1
liberia,2004144,M,28,6,1
liberia,2004185,M,26,7,1
liberia,2004172,F,60,5,1
liberia,2002202,F,34,0,1
liberia,2004145,F,46,0,0
liberia,2004171,F,23,3,0
liberia,2004123,F,34,5,1
liberia,2002103,M,31,6,0
liberia,2002101,M,75,8,1
liberia,2003132,F,40,0,1
liberia,2003136,F,51,0,1
liberia,2003114,F,25,3,1
liberia,2003135,F,36,2,1
liberia,2003151,F,47,3,1
liberia,2003134,M,32,5,1
liberia,2003131,M,64,7,1
liberia,2003137,F,29,6,97
liberia,2003191,M,21,3,1
liberia,2003112,F,34,5,1
liberia,2003113,F,41,3,1
liberia,2003212,M,60,4,1
liberia,2003133,F,41,6,1
liberia,2003153,M,48,7,0
liberia,2003111,M,80,8,1
liberia,2003161,M,59,6,1
liberia,2003194,M,21,6,1
liberia,2003193,M,59,4,0
liberia,2003152,M,58,8,1
liberia,2003192,F,34,7,1
liberia,2004126,M,45,7,1
liberia,2004127,F,26,5,1
liberia,2004124,F,35,5,1
liberia,2004174,M,60,3,1
liberia,2004423,F,73,0,1
liberia,2004472,M,50,7,0
liberia,2004471,F,48,0,0
liberia,2004422,F,29,7,1
liberia,2004146,F,21,3,1
liberia,2004147,M,52,8,0
liberia,2004188,F,42,6,1
liberia,2004173,F,45,0,1
liberia,2004485,F,50,6,1
liberia,2004486,F,20,5,0
liberia,2004184,F,23,5,1
liberia,2004148,F,18,3,97
liberia,2004201,M,38,7,0
liberia,2004149,F,27,7,1
liberia,2004487,M,76,3,1
liberia,2004125,M,38,7,1
liberia,2004121,M,56,88,1
liberia,2004175,F,23,3,1
liberia,2004101,F,50,6,1
liberia,2005133,F,25,5,1
liberia,2005111,F,75,0,1
liberia,2005151,M,23,6,1
liberia,2005153,M,27,3,1
liberia,2005132,M,24,5,1
liberia,2005154,M,40,7,1
liberia,2005162,F,28,5,1
liberia,2005114,M,46,7,0
liberia,2005144,M,27,3,1
liberia,2005112,F,40,0,0
liberia,2005193,F,42,5,1
liberia,2005131,M,27,4,1
liberia,2005113,F,27,88,0
liberia,2005152,F,27,3,97
liberia,2005163,F,55,0,1
liberia,2005191,M,24,6,1
liberia,2005134,M,24,2,1
liberia,2005164,F,40,3,1
liberia,2005194,F,29,5,0
liberia,2005161,M,34,7,1
liberia,2006153,M,47,6,1
liberia,2006161,M,45,7,1
liberia,2006193,M,42,0,97
liberia,2006152,F,50,6,1
liberia,2006154,M,50,3,1
liberia,2006192,F,39,7,0
liberia,2006191,F,30,88,0
liberia,2006196,F,28,6,1
liberia,2006194,F,20,5,1
liberia,2006114,F,21,6,1
liberia,2006162,F,31,3,1
liberia,2006163,F,60,0,1
liberia,2006112,M,32,7,97
liberia,2006195,M,36,8,1
liberia,2006151,M,54,6,1
liberia,2006132,F,30,6,1
liberia,2006212,F,36,5,1
liberia,2006116,F,65,0,97
liberia,2006115,F,54,5,1
liberia,2006131,F,32,0,97
liberia,2006111,F,41,0,97
liberia,2006211,M,41,5,1
liberia,2006117,F,57,2,1
liberia,2006133,M,80,0,1
liberia,2006113,F,26,2,97
liberia,2007184,F,40,6,1
liberia,2007192,F,41,7,1
liberia,2007412,F,48,2,1
liberia,2007163,F,37,6,1
liberia,2007151,M,54,7,1
liberia,2007193,F,30,6,1
liberia,2007132,M,40,7,0
liberia,2007452,M,32,3,1
liberia,2007211,M,22,7,1
liberia,2007101,F,45,6,1
liberia,2007194,F,27,6,1
liberia,2007113,M,54,6,0
liberia,2007161,F,46,6,1
liberia,2007114,M,52,6,1
liberia,2007142,M,36,7,1
liberia,2007131,F,32,6,
liberia,2007172,F,34,5,1
liberia,2007482,M,52,6,
liberia,2007439,F,33,3,1
liberia,2007191,F,35,3,1
liberia,2007152,F,31,4,1
liberia,2007162,F,34,6,1
liberia,2007183,M,82,7,1
liberia,2007111,M,42,6,97
liberia,2007212,,,,1
liberia,2007182,F,22,3,0
liberia,2007153,M,46,0,1
liberia,2007112,M,35,4,97
liberia,2007164,M,40,5,1
liberia,2007121,F,50,6,97
liberia,2008121,F,28,5,0
liberia,2008174,M,70,0,1
liberia,2008172,F,36,5,1
liberia,2008104,M,29,7,1
liberia,2008141,F,36,0,1
liberia,2008101,F,27,6,1
liberia,2008122,M,56,6,1
liberia,2008173,F,34,0,1
liberia,2008201,M,38,8,1
liberia,2008171,M,26,4,1
liberia,2008103,F,27,5,1
liberia,2008144,F,26,6,1
liberia,2008142,F,40,3,1
liberia,2008145,F,25,3,1
liberia,2008143,F,43,3,1
liberia,2008123,F,33,6,1
liberia,2008181,M,41,8,
liberia,2008124,M,54,6,1
liberia,2009154,F,50,8,1
liberia,2009212,M,53,7,1
liberia,2009191,F,45,7,1
liberia,2009131,F,27,6,1
liberia,2009213,M,47,6,1
liberia,2009111,M,27,3,1
liberia,2009151,F,30,3,1
liberia,2009133,F,25,7,97
liberia,2009112,M,25,7,97
liberia,2009214,F,43,3,1
liberia,2009114,F,35,2,1
liberia,2009192,F,30,6,1
liberia,2009132,M,25,5,1
liberia,2009211,F,44,3,1
liberia,2009113,M,54,7,97
liberia,2009153,F,40,3,1
liberia,2009193,F,45,0,1
liberia,2009194,F,29,7,1
liberia,2009152,M,20,6,1
liberia,2009134,F,26,6,0
liberia,2010164,M,38,5,1
liberia,2010133,F,42,2,1
liberia,2010114,M,50,7,1
liberia,2010132,M,24,7,1
liberia,2010111,M,66,3,97
liberia,2010193,F,21,6,1
liberia,2010162,F,30,6,1
liberia,2010194,M,35,5,1
liberia,2010134,F,29,0,1
liberia,2010163,M,25,6,1
liberia,2010154,F,23,7,1
liberia,2010112,F,37,0,1
liberia,2010152,M,30,5,1
liberia,2010161,F,29,3,1
liberia,2010192,F,35,6,1
liberia,2010113,F,65,0,1
liberia,2010191,F,32,0,1
liberia,2010151,F,25,6,1
liberia,2010131,M,31,5,1
liberia,2010153,F,24,5,1
liberia,2011103,F,24,3,1
liberia,2011121,F,29,6,1
liberia,2011104,M,30,6,1
liberia,2011175,M,45,6,1
liberia,2011221,M,28,6,1
liberia,2011171,M,35,6,1
liberia,2011202,F,22,5,97
liberia,2011222,M,43,6,1
liberia,2011182,F,32,5,1
liberia,2011183,M,30,7,1
liberia,2011102,F,32,8,0
liberia,2011142,F,56,7,97
liberia,2011122,M,58,6,1
liberia,2011174,F,20,4,1
liberia,2011181,F,29,2,1
liberia,2011101,M,48,88,1
liberia,2011141,F,38,0,1
liberia,2011203,M,37,7,1
liberia,2011123,F,58,0,1
liberia,2011173,,,,1
liberia,2011172,M,59,3,1
liberia,2011201,F,21,7,1
liberia,2011223,M,22,5,1
liberia,2012154,M,38,5,1
liberia,2012223,M,22,6,1
liberia,2012116,M,47,7,1
liberia,2012113,M,69,6,1
liberia,2012164,M,46,8,1
liberia,2012212,M,29,5,1
liberia,2012112,F,40,5,1
liberia,2012163,F,44,2,1
liberia,2012152,M,25,5,1
liberia,2012151,M,56,3,1
liberia,2012111,F,43,2,97
liberia,2012213,F,47,8,1
liberia,2012161,M,45,5,1
liberia,2012162,F,25,5,1
liberia,2012153,F,80,0,1
liberia,2012114,M,39,5,1
liberia,2012115,F,25,6,1
liberia,2012214,M,48,6,1
liberia,2012222,M,24,6,1
liberia,2012211,M,44,7,1
liberia,2012166,F,33,2,1
liberia,2012165,M,23,6,1
liberia,2012221,M,39,7,1
liberia,2013112,F,22,5,1
liberia,2013133,F,51,0,1
liberia,2013192,M,34,5,0
liberia,2013111,F,19,5,1
liberia,2013195,F,33,5,0
liberia,2013153,F,36,0,1
liberia,2013132,F,48,1,1
liberia,2013193,M,50,5,0
liberia,2013152,M,27,6,1
liberia,2013154,M,60,6,1
liberia,2013131,M,45,7,1
liberia,2013191,F,18,6,1
liberia,2013194,F,24,6,1
liberia,2013151,M,26,5,1
liberia,2014183,M,24,6,1
liberia,2014181,M,43,7,1
liberia,2014101,M,27,6,1
liberia,2014184,M,24,5,1
liberia,2014172,M,33,4,1
liberia,2014173,M,52,88,0
liberia,2014202,F,29,3,97
liberia,2014124,M,36,6,1
liberia,2014175,M,47,6,1
liberia,2024185,F,48,5,1
liberia,2014141,M,35,7,1
liberia,2014142,M,19,5,1
liberia,2014182,M,52,7,1
liberia,2014201,F,82,6,1
liberia,2014174,,,,97
liberia,2014123,M,38,6,0
liberia,2014171,M,43,0,1
liberia,2014122,F,60,0,1
liberia,2014103,M,31,8,1
liberia,2014102,F,27,3,1
liberia,2014121,M,36,6,1
liberia,2015204,F,31,5,1
liberia,2015207,F,37,7,1
liberia,2015143,M,72,8,97
liberia,2015175,F,24,6,1
liberia,2015145,M,24,6,1
liberia,2015205,M,35,6,1
liberia,2015178,F,25,0,1
liberia,2015141,M,23,7,1
liberia,2015144,F,28,5,1
liberia,2015171,M,26,5,1
liberia,2015202,F,48,7,1
liberia,2015201,M,64,6,1
liberia,2015177,F,50,6,1
liberia,2015142,M,52,5,1
liberia,2015206,F,32,5,97
liberia,2015172,M,47,7,1
liberia,2015173,F,22,0,97
liberia,2015174,M,20,3,1
liberia,2015176,F,41,3,1
liberia,2015203,F,66,2,97
liberia,2016185,F,40,5,1
liberia,2016101,F,25,5,1
liberia,2016125,M,28,6,1
liberia,2016105,F,51,1,1
liberia,2016183,M,21,6,1
liberia,2016127,M,59,6,0
liberia,2016123,F,32,0,1
liberia,2016126,F,26,7,97
liberia,2016182,F,25,5,1
liberia,2016181,M,28,6,1
liberia,2016124,F,39,7,97
liberia,2016184,M,42,0,1
liberia,2016103,F,39,0,1
liberia,2016122,M,25,7,1
liberia,2016186,M,60,7,1
liberia,2016102,M,36,7,1
liberia,2016106,M,29,3,1
liberia,2016187,M,18,3,1
liberia,2016104,M,27,7,1
liberia,2016121,F,35,7,1
liberia,2017171,M,45,6,1
liberia,2017203,M,18,5,1
liberia,2017103,F,30,6,1
liberia,2017183,F,27,7,1
liberia,2017104,M,29,7,1
liberia,2017201,F,26,4,97
liberia,2017175,M,27,8,97
liberia,2017176,F,40,1,97
liberia,2017204,M,77,0,1
liberia,2017182,F,35,5,1
liberia,2017184,F,28,7,1
liberia,2017102,F,38,6,1
liberia,2017,M,29,7,1
liberia,2017173,F,26,3,97
liberia,2017185,M,34,7,1
liberia,2017101,M,35,7,1
liberia,2017202,M,22,5,1
liberia,2017105,M,19,5,0
liberia,2017172,F,20,1,97
liberia,2017174,F,23,5,1
liberia,2017205,F,23,0,97
liberia,2018172,M,28,7,1
liberia,2018175,F,35,1,1
liberia,2018127,M,25,7,1
liberia,2018145,M,44,6,1
liberia,2018171,M,42,7,1
liberia,2018176,F,21,5,1
liberia,2018122,F,35,8,97
liberia,2018177,M,39,6,1
liberia,2018174,F,25,6,1
liberia,2018123,M,23,5,1
liberia,2018126,M,27,7,1
liberia,2018125,M,20,5,1
liberia,2018143,M,64,3,0
liberia,2018124,F,43,0,1
liberia,2018121,F,32,5,1
liberia,2018173,M,28,3,1
liberia,2018178,M,33,7,1
liberia,2018144,M,51,6,1
liberia,2019151,M,32,6,1
liberia,2019154,F,25,2,1
liberia,2019111,F,32,6,1
liberia,2019162,M,24,6,1
liberia,2019161,M,26,6,1
liberia,2019112,F,23,2,97
liberia,2019193,F,50,0,
liberia,2019164,F,28,2,1
liberia,2019132,M,54,3,1
liberia,2019131,F,28,6,1
liberia,2019192,F,24,4,1
liberia,2019163,F,43,3,1
liberia,2019152,F,39,0,1
liberia,2019153,F,30,0,1
liberia,2019113,F,19,3,1
liberia,2019133,M,38,6,1
liberia,2019191,F,27,0,1
liberia,2019134,M,64,0,1
liberia,2019194,F,24,6,1
liberia,2019114,F,30,3,1
liberia,2020131,F,58,2,1
liberia,2020152,M,40,6,1
liberia,2020191,M,43,6,1
liberia,2020113,F,27,0,1
liberia,2020112,F,33,2,1
liberia,2020134,F,37,6,1
liberia,2020192,M,33,0,1
liberia,2020213,M,55,7,1
liberia,2020461,M,52,7,1
liberia,2020212,M,32,6,1
liberia,2020211,M,42,5,1
liberia,2020133,F,39,2,1
liberia,2020193,M,38,6,1
liberia,2020194,F,50,6,1
liberia,2020154,M,33,3,1
liberia,2020161,M,18,5,1
liberia,2020111,M,34,6,97
liberia,2020132,F,28,0,1
liberia,2020114,F,30,2,1
liberia,2020151,M,52,2,1
liberia,2020153,M,44,3,1
liberia,2021162,M,27,7,1
liberia,2021213,M,40,6,1
liberia,2021164,F,26,5,1
liberia,2021212,F,34,2,1
liberia,2021152,F,39,6,1
liberia,2021194,F,32,6,1
liberia,2021165,M,32,3,1
liberia,2021211,F,34,5,1
liberia,2021195,F,24,5,1
liberia,2021134,F,35,2,1
liberia,2021193,F,49,0,1
liberia,2021192,M,43,6,1
liberia,202112,F,23,3,1
liberia,2021151,M,43,3,1
liberia,2021131,F,49,0,1
liberia,2021196,M,43,6,1
liberia,2021161,F,23,0,1
liberia,2021191,F,40,1,1
liberia,2021163,M,42,6,1
liberia,2021133,F,42,6,1
liberia,2022112,F,35,3,1
liberia,2022192,F,56,0,1
liberia,2022153,M,39,6,1
liberia,2022152,F,25,6,1
liberia,2022,M,31,5,1
liberia,2022111,M,19,5,97
liberia,2022113,F,20,5,1
liberia,2022193,F,41,0,1
liberia,2022211,M,40,3,1
liberia,2022162,F,29,7,1
liberia,2022114,F,37,2,1
liberia,2022151,F,35,2,1
liberia,2022132,M,48,6,1
liberia,2022134,M,35,7,1
liberia,2022161,M,26,7,1
liberia,2022131,M,42,3,1
liberia,2022133,M,44,6,1
liberia,2022194,M,35,0,1
liberia,2022212,F,23,3,1
liberia,2022163,F,30,5,1
liberia,2023111,F,45,1,1
liberia,2023133,F,40,2,1
liberia,2023214,F,54,6,1
liberia,2023132,F,24,6,1
liberia,2023213,F,25,0,1
liberia,2023194,F,40,0,1
liberia,2023192,F,30,7,1
liberia,2023193,F,27,3,1
liberia,2023112,M,58,5,97
liberia,2023161,F,23,6,1
liberia,2023212,M,38,7,1
liberia,2023152,M,26,6,1
liberia,2023113,F,29,0,97
liberia,2023191,M,33,7,1
liberia,2023114,F,26,7,1
liberia,2023153,M,52,5,1
liberia,2023131,F,45,3,1
liberia,2023162,F,46,0,1
liberia,2023151,M,35,8,1
liberia,2023211,M,60,7,1
liberia,2024105,M,39,5,1
liberia,2024104,M,26,6,97
liberia,2024181,M,30,2,1
liberia,2024102,F,25,6,0
liberia,2024184,M,36,6,1
liberia,2024175,F,32,0,97
liberia,2024201,F,47,0,97
liberia,2024202,F,32,2,97
liberia,2024182,M,22,6,1
liberia,2024101,F,41,5,1
liberia,2024204,F,26,0,97
liberia,2024103,F,28,6,0
liberia,2024203,F,22,6,97
liberia,2024173,M,41,6,1
liberia,2024183,M,29,6,1
liberia,2024172,F,24,6,1
liberia,2024171,M,56,6,1
liberia,2024176,M,42,7,1
liberia,2024174,M,45,3,1
liberia,2025128,F,23,5,1
liberia,2025143,M,49,6,1
liberia,2025141,F,39,3,1
liberia,2025181,M,25,6,1
liberia,2025201,F,23,5,97
liberia,2025101,M,32,4,1
liberia,2025142,F,35,2,0
liberia,2025122,F,40,0,1
liberia,2025124,F,49,0,1
liberia,2025125,M,71,4,1
liberia,2025126,F,34,6,0
liberia,2025127,F,35,2,1
liberia,2025121,F,29,4,1
liberia,2025145,M,32,0,0
liberia,2025102,M,26,7,1
liberia,2025171,M,42,6,1
liberia,2025123,M,28,5,1
liberia,2025144,F,28,3,1
liberia,2025202,M,27,6,1
liberia,2026101,M,44,6,1
liberia,2026141,M,22,6,1
liberia,2026129,M,68,5,1
liberia,2026128,F,48,6,1
liberia,2026143,M,51,6,1
liberia,2026122,F,24,0,1
liberia,2026172,M,36,0,1
liberia,2026142,F,41,0,1
liberia,2026201,F,31,6,97
liberia,2026123,M,45,8,1
liberia,2026126,M,42,6,1
liberia,2026202,F,46,2,97
liberia,2026144,M,25,5,1
liberia,2026125,M,27,3,1
liberia,2026124,F,24,6,1
liberia,2026181,F,20,3,0
liberia,2026121,F,28,6,1
liberia,2026127,F,35,0,1
liberia,2026171,M,33,7,1
liberia,2026102,M,20,6,1
liberia,2027173,F,43,7,0
liberia,2027124,M,47,7,1
liberia,2027175,M,32,6,97
liberia,2027122,F,46,5,1
liberia,2027121,M,31,7,1
liberia,2027123,F,45,6,
liberia,2027125,M,38,8,1
liberia,2027174,M,24,6,1
liberia,2027203,F,25,6,1
liberia,2027183,F,26,7,1
liberia,2027182,M,18,6,1
liberia,2027204,F,22,3,97
liberia,2027202,F,44,0,97
liberia,2027201,F,25,6,1
liberia,2027181,M,27,5,1
liberia,2027101,F,26,1,1
liberia,2027172,M,20,5,1
liberia,2027171,M,33,6,97
liberia,2027102,M,75,4,1
liberia,2027103,F,45,5,1
liberia,2028155,F,56,2,1
liberia,2028151,F,19,2,1
liberia,2028161,M,40,4,1
liberia,2028164,M,43,6,1
liberia,2028153,M,39,0,1
liberia,2028113,F,54,2,1
liberia,2028131,F,24,3,1
liberia,2028194,F,47,0,1
liberia,2020163,F,36,2,1
liberia,2028114,M,23,6,1
liberia,2028192,F,28,3,1
liberia,2028111,M,35,2,1
liberia,2028191,F,22,3,0
liberia,2028112,F,60,6,1
liberia,2028193,F,28,6,1
liberia,2028162,F,23,3,1
liberia,2028133,F,20,2,1
liberia,2028132,M,21,5,1
liberia,2028154,F,46,3,1
liberia,2028134,F,50,5,1
liberia,2029104,F,34,7,1
liberia,2029185,M,46,6,1
liberia,2029201,M,40,7,1
liberia,2029203,F,36,6,97
liberia,2029205,M,56,7,1
liberia,2029106,F,28,7,1
liberia,2029101,F,22,6,97
liberia,2029202,F,45,0,1
liberia,2029182,F,20,6,1
liberia,2029204,M,37,6,97
liberia,2029187,F,56,0,1
liberia,2029186,F,23,5,1
liberia,2029188,M,44,5,1
liberia,2029206,M,31,6,1
liberia,2029102,M,37,6,1
liberia,2029181,M,31,7,1
liberia,2029184,F,31,6,1
liberia,2029103,F,43,7,1
liberia,2029105,M,21,5,1
liberia,2030111,F,23,7,97
liberia,2030213,M,39,6,1
liberia,2039177,M,70,0,1
liberia,2030161,M,35,6,1
liberia,2030116,F,37,0,97
liberia,2030211,F,29,7,1
liberia,2030171,F,42,6,97
liberia,2030151,F,34,0,1
liberia,2030114,F,28,6,1
liberia,2030155,M,21,5,1
liberia,2030192,F,40,8,1
liberia,2030162,M,29,5,1
liberia,2030112,F,20,5,97
liberia,2030132,F,35,2,1
liberia,2030153,M,27,8,1
liberia,2030154,F,72,3,1
liberia,2030212,F,49,3,1
liberia,2030152,M,24,5,1
liberia,2030131,M,40,7,1
liberia,2030191,M,41,6,1
liberia,2030113,F,26,2,1
liberia,2030115,M,45,5,1
liberia,2031211,F,58,6,0
liberia,2031164,M,56,8,1
liberia,2031134,F,29,6,1
liberia,2031192,M,20,5,1
liberia,2031151,F,22,7,1
liberia,2031112,M,28,7,1
liberia,2031161,F,24,5,1
liberia,2031163,M,31,88,1
liberia,2031212,F,32,2,1
liberia,2031153,M,25,2,1
liberia,2031113,F,30,7,1
liberia,2031133,F,32,3,1
liberia,2031191,M,43,0,1
liberia,2031114,M,58,3,1
liberia,2031132,M,44,6,1
liberia,2031162,M,43,6,1
liberia,2031152,M,38,7,0
liberia,2031111,F,27,6,97
liberia,2031193,F,42,0,1
liberia,2032122,M,46,7,0
liberia,2032124,M,31,7,1
liberia,2032184,M,44,88,1
liberia,2032143,M,70,0,1
liberia,2032183,M,61,2,1
liberia,2032102,M,36,3,1
liberia,2032104,F,41,3,1
liberia,2032123,F,30,0,1
liberia,2032125,F,24,6,1
liberia,2032101,F,46,0,1
liberia,2032103,F,48,0,1
liberia,2032121,M,34,7,1
liberia,2032105,M,20,5,1
liberia,2032141,F,20,6,1
liberia,2032201,F,31,6,1
liberia,2032181,M,33,7,1
liberia,2032202,M,62,6,97
liberia,2032182,F,52,4,1
liberia,2032142,F,32,88,1
liberia,2033192,F,30,6,0
liberia,2033111,M,70,2,1
liberia,2033214,F,39,4,1
liberia,2033191,F,21,5,1
liberia,2033155,M,21,5,1
liberia,2033153,M,26,5,1
liberia,2033211,M,30,7,1
liberia,2033131,M,62,6,0
liberia,2033213,F,23,7,1
liberia,2033161,F,41,6,1
liberia,2033156,M,22,5,1
liberia,2033154,F,20,5,1
liberia,2033212,M,65,7,1
liberia,2033113,M,47,6,1
liberia,2033162,F,22,6,1
liberia,2033112,F,29,5,0
liberia,2033151,M,70,3,1
liberia,2033132,F,39,6,1
liberia,2033193,F,30,6,1
liberia,2033152,F,34,3,1
liberia,2033133,F,40,6,1
liberia,2034141,M,68,5,1
liberia,2034142,M,74,2,1
liberia,2034101,M,29,6,1
liberia,2034185,M,20,3,1
liberia,2034184,F,45,0,1
liberia,2034105,M,35,5,1
liberia,2034144,M,38,3,1
liberia,2034174,F,22,0,97
liberia,2034172,M,22,5,1
liberia,2034103,F,42,0,1
liberia,2034223,M,26,6,1
liberia,2034182,M,23,7,1
liberia,2034102,M,35,4,1
liberia,2034175,M,35,7,1
liberia,2034171,M,21,5,0
liberia,2034222,M,30,88,1
liberia,2034173,M,42,7,1
liberia,2034221,M,31,88,1
liberia,2034183,F,24,3,1
liberia,2034186,M,29,88,1
liberia,2034181,F,18,3,1
liberia,2034104,F,40,0,1
liberia,2035141,M,57,8,1
liberia,2035172,F,35,2,1
liberia,2035143,M,51,6,0
liberia,2035201,F,33,3,1
liberia,2035101,M,33,3,1
liberia,2035121,M,37,7,1
liberia,2035223,M,34,0,1
liberia,2035142,F,40,88,1
liberia,2035124,F,39,6,1
liberia,2035123,F,49,1,1
liberia,2035222,M,22,6,1
liberia,2035173,F,39,6,1
liberia,2035174,F,32,6,1
liberia,2035122,F,47,3,1
liberia,2035171,M,54,0,0
liberia,2036183,F,44,2,1
liberia,2036181,M,26,7,1
liberia,2036182,F,52,2,1
liberia,2036142,F,25,6,1
liberia,2036121,F,26,7,1
liberia,2036175,F,45,0,1
liberia,2036102,F,47,3,1
liberia,2036123,F,34,6,97
liberia,2036143,M,34,8,1
liberia,2036104,F,53,0,0
liberia,2036184,,,,1
liberia,2036174,M,42,6,
liberia,2036171,F,23,0,1
liberia,2036122,F,19,6,1
liberia,2036124,F,20,5,1
liberia,2036172,M,19,5,1
liberia,2036141,M,52,6,1
liberia,2036103,M,61,6,1
liberia,2036173,M,20,4,1
liberia,2037191,M,38,7,1
liberia,2037161,F,43,2,1
liberia,2037115,F,23,2,1
liberia,2037112,F,30,3,1
liberia,2037114,M,45,7,1
liberia,2037131,F,23,6,1
liberia,2037135,M,53,6,1
liberia,2037132,M,40,7,1
liberia,2037193,F,38,6,1
liberia,2037111,M,33,6,1
liberia,2037192,F,29,7,1
liberia,2037134,M,20,5,1
liberia,2037164,F,34,7,1
liberia,2037162,M,38,7,1
liberia,2037133,F,28,6,1
liberia,2037195,F,27,7,1
liberia,2037113,F,53,6,1
liberia,2037163,F,40,2,1
liberia,2037165,F,22,6,1
liberia,2037194,F,30,7,1
liberia,2038101,F,48,0,0
liberia,2038124,M,45,7,0
liberia,2038123,M,24,6,1
liberia,2038171,F,43,0,1
liberia,2038127,F,20,5,1
liberia,2038125,M,26,7,1
liberia,2038202,M,39,3,1
liberia,2038204,F,34,6,97
liberia,2038182,F,36,88,1
liberia,2038126,M,44,7,0
liberia,2038102,F,32,0,0
liberia,2038172,F,53,2,1
liberia,2038122,F,52,0,1
liberia,2038181,M,51,7,1
liberia,2038203,F,44,3,97
liberia,2038142,F,35,8,1
liberia,2038141,F,45,2,1
liberia,2038201,M,28,7,1
liberia,2039128,M,44,7,1
liberia,2039127,M,30,0,1
liberia,2039123,F,26,3,1
liberia,2039124,M,66,6,1
liberia,2039121,M,47,8,0
liberia,2038121,F,30,0,1
liberia,2039141,F,26,6,1
liberia,2039174,M,28,7,1
liberia,2039144,F,37,6,1
liberia,2039171,F,35,5,1
liberia,2039172,M,28,7,1
liberia,2039173,F,40,3,1
liberia,2039126,F,41,0,1
liberia,2039143,M,47,6,1
liberia,2039142,M,45,6,1
liberia,2039175,M,28,6,1
liberia,2039125,M,27,6,1
liberia,2039176,M,20,5,1
liberia,2039122,M,31,7,1
liberia,2039145,F,34,5,1
liberia,2040201,M,22,5,1
liberia,2040101,F,31,7,1
liberia,20401427,M,60,6,1
liberia,2040103,F,48,2,1
liberia,2044203,M,43,8,1
liberia,2040122,F,44,1,1
liberia,20401428,M,22,5,1
liberia,2040183,M,45,2,0
liberia,2040102,F,31,3,1
liberia,2040172,F,48,6,1
liberia,2040174,M,27,7,1
liberia,2040182,F,41,6,1
liberia,2040181,F,22,6,1
liberia,2040204,F,47,7,97
liberia,2040121,F,24,5,1
liberia,2040124,M,73,7,0
liberia,2040173,F,31,0,1
liberia,2040203,F,45,7,1
liberia,2040171,F,30,5,1
liberia,2040175,M,51,7,1
liberia,2040123,F,23,6,1
liberia,20411424,M,52,6,1
liberia,2041174,F,49,5,1
liberia,2041185,M,41,5,1
liberia,2041123,F,39,4,1
liberia,20411425,F,42,0,1
liberia,2041103,F,22,5,97
liberia,2041181,F,20,6,1
liberia,20411427,F,19,6,1
liberia,2041183,F,52,2,1
liberia,2041184,M,28,6,1
liberia,2041182,F,20,5,1
liberia,2041172,M,31,0,97
liberia,2041122,M,19,5,1
liberia,2041101,F,37,6,1
liberia,2041102,F,33,6,0
liberia,2041201,M,19,3,1
liberia,20411426,M,54,7,1
liberia,2041121,F,38,7,1
liberia,2041171,F,28,0,1
liberia,2041124,F,45,6,1
liberia,2041173,F,52,5,1
liberia,2042105,M,34,1,1
liberia,2042183,M,44,6,1
liberia,2042185,F,63,0,1
liberia,2042102,F,29,5,0
liberia,2042101,F,39,0,0
liberia,2042181,M,38,5,1
liberia,2042201,M,70,3,97
liberia,2042184,M,23,6,0
liberia,2042202,M,24,7,1
liberia,2042104,M,19,3,1
liberia,2042182,F,45,5,1
liberia,2042106,M,29,7,1
liberia,2042205,M,23,6,1
liberia,2042187,M,35,4,97
liberia,2042107,F,34,0,1
liberia,2042204,M,26,5,0
liberia,2042103,F,21,5,1
liberia,2042206,M,29,7,97
liberia,2042203,M,37,3,1
liberia,2042186,M,54,0,1
liberia,2043106,M,54,6,
liberia,2043104,F,47,0,1
liberia,2043186,M,37,6,1
liberia,2043183,M,37,7,1
liberia,2043201,M,39,5,1
liberia,2043101,M,47,6,1
liberia,2043185,F,30,0,1
liberia,2043102,F,30,0,1
liberia,2043182,F,26,5,0
liberia,2043206,F,36,7,97
liberia,2043181,M,52,3,1
liberia,2043184,,,,1
liberia,2043105,F,21,5,1
liberia,2043107,F,57,0,1
liberia,2043205,M,22,6,1
liberia,2043103,M,37,4,1
liberia,2043203,F,30,0,1
liberia,2043202,F,50,0,97
liberia,2043141,F,27,3,1
liberia,2043204,M,26,5,0
liberia,2044185,M,38,6,1
liberia,2044172,M,22,7,0
liberia,2044184,M,50,0,1
liberia,2044181,M,22,5,1
liberia,2044122,F,37,2,1
liberia,2044182,F,38,0,1
liberia,2044204,M,37,0,1
liberia,2044205,M,30,6,1
liberia,2044105,F,36,0,0
liberia,2044201,M,26,5,0
liberia,2044202,F,42,2,0
liberia,2044171,F,40,0,97
liberia,2044104,M,23,4,1
liberia,2044106,F,27,3,1
liberia,2044121,M,45,4,1
liberia,2044101,F,27,7,1
liberia,2044183,M,30,4,1
liberia,2044102,M,46,2,1
liberia,2044103,F,37,5,0
liberia,2044123,F,58,0,1
liberia,2045172,F,21,6,1
liberia,2045127,M,20,4,0
liberia,2045122,F,52,0,1
liberia,2045177,M,52,7,1
liberia,2045175,M,48,6,97
liberia,20451418,F,44,5,1
liberia,20451421,M,62,7,1
liberia,2045174,M,52,6,1
liberia,2045126,M,23,0,1
liberia,20451422,M,57,8,1
liberia,2045173,F,27,0,1
liberia,2045123,M,38,7,97
liberia,20451419,F,45,6,1
liberia,2045128,F,35,3,1
liberia,2045125,F,69,3,97
liberia,20451420,M,56,6,1
liberia,2045171,F,25,6,1
liberia,20451423,M,25,5,0
liberia,2045176,M,46,8,1
liberia,2045121,F,50,2,1
liberia,2045124,M,29,6,1
liberia,2046132,F,30,2,1
liberia,2046151,F,28,6,1
liberia,2046196,F,39,7,1
liberia,2046153,M,59,0,0
liberia,2046494,F,33,0,1
liberia,2046165,F,31,1,1
liberia,2046131,F,56,0,1
liberia,2046111,F,33,7,97
liberia,2046213,F,40,3,1
liberia,2046161,M,42,2,1
liberia,2046152,F,54,6,1
liberia,2046211,M,32,6,1
liberia,2046194,F,52,7,1
liberia,2046133,M,43,6,1
liberia,2046164,M,47,6,1
liberia,2046212,M,32,7,1
liberia,2046191,M,47,4,0
liberia,2046163,M,56,5,1
liberia,2046192,M,52,7,1
liberia,2046162,F,40,4,1
liberia,2046214,F,42,6,1
liberia,2046154,M,56,6,1
liberia,2047112,F,44,5,1
liberia,2047116,F,42,0,97
liberia,2047134,F,25,2,1
liberia,2047135,F,43,2,1
liberia,2047118,F,54,2,1
liberia,2047161,F,31,0,1
liberia,2047152,M,41,6,0
liberia,2047132,F,24,6,1
liberia,2047117,F,23,6,97
liberia,2047133,M,45,7,0
liberia,2047151,F,23,5,1
liberia,2047114,F,44,3,97
liberia,2047192,F,41,5,1
liberia,2047162,M,30,3,1
liberia,2047191,M,61,0,1
liberia,2047111,F,20,3,1
liberia,2047131,M,37,6,1
liberia,2047137,M,63,5,0
liberia,2047136,M,34,7,0
liberia,2047113,M,65,0,1
liberia,2048163,M,52,5,1
liberia,2048151,F,29,6,1
liberia,2048193,F,35,5,1
liberia,2048111,F,36,2,1
liberia,2048153,M,25,6,1
liberia,2048133,M,51,3,1
liberia,2048132,F,39,3,1
liberia,2048162,M,61,6,1
liberia,2048134,F,24,6,1
liberia,2048131,M,37,2,0
liberia,2048114,F,47,5,1
liberia,2048154,M,51,8,1
liberia,2048192,M,50,8,1
liberia,2048161,F,41,2,1
liberia,2048152,F,46,0,1
liberia,2048191,M,27,7,1
liberia,2048164,M,49,2,1
liberia,2048113,F,40,1,1
liberia,2048194,F,38,3,1
liberia,2048112,M,33,3,0
liberia,2049125,F,25,7,1
liberia,2049123,M,25,7,1
liberia,2049122,M,54,7,1
liberia,2049127,F,50,6,1
liberia,2049126,F,49,5,1
liberia,2049106,F,28,6,1
liberia,2049124,M,39,6,1
liberia,2049105,F,52,7,1
liberia,20491412,M,39,5,0
liberia,2049128,F,33,3,1
liberia,20491413,F,19,5,1
liberia,2049107,M,56,8,1
liberia,20491414,M,72,3,1
liberia,2049101,M,34,7,1
liberia,2049103,F,48,0,97
liberia,20491410,M,45,7,0
liberia,2049102,M,33,6,1
liberia,2049121,F,51,2,97
liberia,2049104,F,24,6,0
liberia,20491411,F,22,5,
liberia,2050195,M,56,5,1
liberia,2050152,F,34,5,1
liberia,2050112,F,37,1,97
liberia,2050115,F,33,2,1
liberia,2050114,F,51,1,97
liberia,2050192,M,49,0,0
liberia,2050151,F,30,7,1
liberia,2050113,M,21,2,1
liberia,2050118,F,39,3,1
liberia,2050116,M,51,6,0
liberia,2050194,M,54,7,1
liberia,2050191,M,55,88,0
liberia,2050154,F,29,6,1
liberia,2050155,M,26,7,1
liberia,2050197,F,25,4,97
liberia,2050117,F,49,2,1
liberia,2050196,M,53,3,1
liberia,2050153,M,46,3,1
liberia,2050111,F,23,3,1
liberia,2050193,M,36,5,1
liberia,2051203,M,25,6,1
liberia,2051187,,,,1
liberia,2051186,F,25,6,1
liberia,2051172,M,69,6,1
liberia,2051177,M,28,0,1
liberia,2051175,M,42,0,1
liberia,2051176,M,45,6,1
liberia,2051202,F,38,2,0
liberia,2051183,M,24,2,1
liberia,2051173,M,42,5,1
liberia,2051204,F,26,6,1
liberia,20511417,F,44,7,1
liberia,2051178,M,35,6,1
liberia,2051185,M,27,5,1
liberia,2051181,M,33,5,1
liberia,2051184,M,67,6,1
liberia,2051182,F,19,4,1
liberia,2051174,M,48,7,1
liberia,2051171,F,28,5,0
liberia,2051201,M,27,7,1
liberia,2052181,F,36,0,1
liberia,2052122,M,67,0,1
liberia,2052201,F,28,3,1
liberia,2052183,F,19,5,1
liberia,2052124,F,32,2,97
liberia,2052123,F,29,7,1
liberia,2052121,F,38,7,1
liberia,2052101,F,81,0,1
liberia,2052184,F,28,6,
liberia,2052182,M,45,7,1
liberia,2052178,F,24,6,1
liberia,2052104,F,30,6,1
liberia,205172,F,55,1,1
liberia,2052171,F,42,6,1
liberia,2052202,F,42,0,1
liberia,2052174,F,21,3,0
liberia,2052103,F,36,0,1
liberia,20521416,M,49,6,1
liberia,2052102,F,28,3,97
liberia,2052173,M,46,5,97
liberia,2053131,F,37,0,1
liberia,2053166,F,35,3,1
liberia,2053214,F,72,0,1
liberia,2053165,F,61,1,1
liberia,2053133,M,74,6,1
liberia,2053162,M,22,3,1
liberia,2053138,F,23,5,1
liberia,2053136,F,37,0,1
liberia,2053137,F,72,1,97
liberia,2053212,M,30,6,1
liberia,2053161,F,23,4,1
liberia,2053139,M,47,6,1
liberia,2053134,F,44,6,1
liberia,2053167,F,27,6,1
liberia,2053132,F,23,6,1
liberia,2053164,F,26,2,1
liberia,2053213,M,26,7,1
liberia,2053135,F,22,5,1
liberia,2053163,F,28,6,0
liberia,2054142,F,40,3,1
liberia,2054141,F,51,0,0
liberia,2054143,F,23,5,1
liberia,2055195,F,24,5,1
liberia,2055196,M,32,7,1
liberia,2055212,F,55,2,1
liberia,2055111,F,38,3,1
liberia,2055116,F,38,0,97
liberia,2055161,F,28,3,
liberia,2055211,F,60,6,1
liberia,2055114,M,44,3,97
liberia,2055194,F,21,5,1
liberia,2055151,F,43,0,1
liberia,2055193,M,28,7,1
liberia,2055113,F,23,5,1
liberia,2055112,F,39,7,0
liberia,2055162,M,54,7,1
liberia,2055192,F,30,5,1
liberia,2055191,M,27,7,1
liberia,2055115,F,27,0,1
liberia,2055131,M,71,6,1
liberia,2055153,M,51,0,1
liberia,2055152,M,47,2,1
liberia,2056193,M,46,8,1
liberia,2056132,F,33,3,1
liberia,2056151,M,38,6,1
liberia,2056135,F,24,2,1
liberia,2056191,M,64,5,1
liberia,2056152,F,25,6,1
liberia,2056133,M,22,6,1
liberia,2056162,F,69,0,1
liberia,2056163,M,43,4,1
liberia,2056195,M,18,5,1
liberia,2056114,F,22,3,1
liberia,2056112,F,28,5,1
liberia,2056134,F,37,2,1
liberia,2056161,F,40,2,1
liberia,2056113,F,28,0,97
liberia,2056111,M,21,7,1
liberia,2056131,M,57,0,1
liberia,2056115,F,37,3,1
liberia,2057131,F,32,1,1
liberia,2057134,M,24,1,97
liberia,2057154,M,35,6,1
liberia,2057142,M,34,3,1
liberia,2057155,M,55,7,1
liberia,2057156,F,25,2,1
liberia,2057152,M,46,7,1
liberia,2057132,F,23,6,1
liberia,2057167,M,68,7,1
liberia,2057136,M,26,7,1
liberia,2057163,F,20,6,1
liberia,2057166,F,37,0,1
liberia,2057133,F,23,1,1
liberia,2057161,F,37,0,1
liberia,2057137,M,61,6,1
liberia,2057223,M,25,88,1
liberia,2057153,F,22,3,1
liberia,2057151,F,32,6,1
liberia,2057144,F,21,6,1
liberia,2057165,M,32,3,1
liberia,2057164,M,39,7,1
liberia,2057143,M,37,5,1
liberia,2057162,F,33,4,1
liberia,2057145,M,42,6,1
liberia,2057222,M,31,3,1
liberia,2057135,F,30,1,1
liberia,2057141,M,36,3,1
liberia,2058175,F,37,3,1
liberia,2058203,M,65,5,1
liberia,2058177,M,32,7,0
liberia,2058186,F,33,2,1
liberia,2058183,M,60,2,1
liberia,2058174,M,27,3,1
liberia,2058185,M,44,6,1
liberia,2058206,M,49,3,1
liberia,2058202,F,34,0,97
liberia,2058,F,34,3,1
liberia,2058205,F,35,3,1
liberia,2058181,F,36,5,1
liberia,2058182,M,26,5,1
liberia,2058204,F,31,0,1
liberia,2058172,F,56,0,97
liberia,2058171,F,20,3,1
liberia,2058173,F,30,1,1
liberia,2058201,M,42,5,1
liberia,2058176,F,23,0,1
liberia,2058187,F,46,7,0
liberia,2059117,F,43,2,1
liberia,2059115,F,37,2,97
liberia,20591910,F,27,5,1
liberia,2059198,F,42,6,1
liberia,2059131,M,34,6,1
liberia,205914,M,35,5,1
liberia,2059113,M,55,6,97
liberia,2059196,F,39,3,1
liberia,2059191,M,51,5,1
liberia,2059161,F,31,4,1
liberia,2059136,F,35,3,1
liberia,2059132,M,45,6,1
liberia,2059116,M,36,3,1
liberia,20591911,F,45,0,1
liberia,2059135,M,34,5,1
liberia,2059197,M,43,6,1
liberia,2059195,F,30,3,1
liberia,2059112,F,26,6,1
liberia,2059192,F,25,5,1
liberia,2059134,M,40,7,1
liberia,2059199,F,35,0,1
liberia,20591912,F,49,5,1
liberia,2059118,F,33,3,1
liberia,20591914,M,18,5,1
liberia,2059133,F,35,6,1
liberia,2059114,F,20,5,1
liberia,20591913,F,35,3,1
liberia,2060102,F,28,4,1
liberia,2060123,F,33,2,1
liberia,2060124,M,50,6,1
liberia,2060105,F,31,3,1
liberia,2060171,F,26,3,1
liberia,2060104,F,35,0,1
liberia,2060221,M,24,3,1
liberia,2060107,F,32,1,1
liberia,2060106,F,54,6,1
liberia,2060103,F,56,5,0
liberia,2060181,M,27,2,1
liberia,2060122,F,50,2,1
liberia,2060127,F,45,6,1
liberia,2068103,F,28,5,1
liberia,2060108,F,34,0,1
liberia,2060125,M,36,0,1
liberia,2060101,M,36,6,0
liberia,2060121,F,31,0,1
liberia,2060126,F,40,0,1
liberia,2060141,F,43,3,1
liberia,2060201,F,21,7,1
liberia,2060128,M,22,4,1
liberia,2061151,M,36,6,1
liberia,2061154,F,44,2,1
liberia,2061161,F,37,5,1
liberia,2061152,F,37,0,1
liberia,2061215,M,49,6,1
liberia,2061191,F,37,3,1
liberia,2061211,F,44,6,1
liberia,2061156,F,37,7,1
liberia,2061217,F,37,3,1
liberia,2061216,F,26,7,1
liberia,2061163,F,28,3,1
liberia,2061212,F,26,6,0
liberia,2061164,F,20,3,1
liberia,20612110,M,24,6,1
liberia,2061219,F,47,6,1
liberia,2061218,F,40,6,1
liberia,2061213,F,52,5,1
liberia,2061214,F,38,2,1
liberia,2061162,F,23,6,1
liberia,2061155,F,26,7,1
liberia,2061165,F,63,6,1
liberia,2062114,M,41,3,1
liberia,2062116,F,24,6,97
liberia,2062151,M,39,2,1
liberia,2062112,F,27,6,0
liberia,2062115,F,44,2,97
liberia,2062135,M,51,0,97
liberia,2062138,M,35,0,1
liberia,2062161,M,32,7,1
liberia,2062118,M,40,3,97
liberia,2062131,M,27,6,1
liberia,2062117,F,30,3,1
liberia,2062136,F,19,3,1
liberia,2062111,F,44,5,1
liberia,2062113,F,34,6,1
liberia,2062134,F,29,6,1
liberia,2062137,F,23,3,1
liberia,2062191,M,36,7,1
liberia,2062119,F,24,1,1
liberia,2062132,F,28,3,1
liberia,2063161,F,30,4,1
liberia,2063191,F,28,5,1
liberia,2063154,F,29,6,1
liberia,2063163,F,46,5,1
liberia,2063164,M,25,5,1
liberia,2063166,F,35,0,1
liberia,2063197,F,39,3,1
liberia,2063152,M,47,6,1
liberia,2063156,F,37,0,0
liberia,2063192,M,40,3,1
liberia,2063194,F,36,0,1
liberia,2063195,F,41,0,0
liberia,2063153,F,22,5,1
liberia,2063155,F,41,0,1
liberia,2063165,F,24,5,1
liberia,2063196,F,23,5,1
liberia,2063162,F,29,0,1
liberia,2063193,M,41,0,1
liberia,2063211,F,38,6,1
liberia,2063212,F,39,0,1
liberia,2064132,F,35,2,1
liberia,2064152,F,54,5,97
liberia,2064114,F,19,6,1
liberia,2064164,M,44,5,1
liberia,2064115,F,22,6,1
liberia,2064194,F,28,6,1
liberia,2064112,F,27,7,97
liberia,2064495,F,24,5,1
liberia,2064134,M,26,6,1
liberia,2064111,F,42,3,1
liberia,2064191,F,27,5,1
liberia,2064131,F,34,2,1
liberia,2064113,F,28,3,97
liberia,2064162,F,29,6,1
liberia,2064163,M,44,6,1
liberia,2064133,F,42,2,1
liberia,2064193,F,29,7,1
liberia,2064153,F,35,3,1
liberia,2064161,F,36,3,1
liberia,2064151,F,47,3,1
liberia,2065113,M,26,7,1
liberia,2065114,F,27,5,97
liberia,2065112,F,40,1,1
liberia,2065111,M,25,6,1
liberia,2065212,M,36,7,1
liberia,2065192,M,47,7,1
liberia,2065193,M,33,7,1
liberia,2065132,M,52,2,1
liberia,2065162,F,32,2,1
liberia,2065134,M,60,8,1
liberia,2065161,M,51,6,1
liberia,2065163,M,35,8,1
liberia,2065211,M,34,6,1
liberia,2065213,F,48,3,1
liberia,2065153,F,50,0,1
liberia,2065131,M,43,6,1
liberia,2065214,M,44,8,1
liberia,2065191,F,50,5,1
liberia,2065133,F,24,2,1
liberia,2065151,F,34,6,0
liberia,2066177,M,49,5,
liberia,2066145,F,25,5,1
liberia,2066142,F,53,0,0
liberia,2066171,F,23,5,1
liberia,2066143,F,25,3,1
liberia,2066121,M,27,7,1
liberia,2066126,F,22,6,1
liberia,2066144,F,34,5,1
liberia,2066201,M,63,1,1
liberia,2066141,F,32,6,1
liberia,2066173,F,28,7,1
liberia,2066128,F,24,6,1
liberia,2066176,F,47,6,1
liberia,2066172,M,29,7,1
liberia,2066122,F,29,7,1
liberia,2066174,F,20,6,1
liberia,2066127,M,60,6,1
liberia,2066146,M,24,6,1
liberia,2066123,M,40,8,1
liberia,2066124,F,32,7,1
liberia,2067192,M,18,5,1
liberia,2067132,F,24,3,1
liberia,2067191,M,35,7,1
liberia,2067164,M,34,7,1
liberia,2067161,M,29,6,1
liberia,2067151,F,25,2,1
liberia,2067152,F,28,7,1
liberia,2067162,F,60,7,1
liberia,2067193,F,22,6,1
liberia,2067114,F,39,5,97
liberia,2067153,F,24,7,1
liberia,2067194,F,23,7,0
liberia,2067131,F,46,1,1
liberia,2067113,F,22,3,97
liberia,2067163,F,36,3,1
liberia,2067133,F,26,5,1
liberia,2067111,M,47,8,1
liberia,2067154,F,29,6,1
liberia,2067112,F,27,6,1
liberia,2067134,M,29,6,1
liberia,2068183,F,28,7,1
liberia,2068221,M,54,6,1
liberia,2068142,M,26,6,1
liberia,2068171,F,21,3,1
liberia,2068172,F,36,1,97
liberia,2068201,F,18,3,1
liberia,2068181,M,36,6,1
liberia,2068121,M,37,7,1
liberia,2068173,F,37,4,1
liberia,2068122,F,29,5,1
liberia,2068182,M,22,3,1
liberia,2068143,M,42,8,1
liberia,2068123,F,21,0,1
liberia,2068222,M,53,2,1
liberia,2068202,M,55,6,1
liberia,2068101,F,35,3,1
liberia,2068141,F,44,4,1
liberia,2068102,M,21,6,1
liberia,2068174,M,28,3,97
liberia,2068184,M,61,4,1
liberia,2068104,M,24,7,1
liberia,2069182,M,34,7,1
liberia,2069101,M,35,6,1
liberia,2069143,F,52,6,1
liberia,2069201,F,35,5,1
liberia,2069104,F,25,7,1
liberia,2069222,M,28,7,1
liberia,2069141,F,43,5,1
liberia,2069184,F,38,6,1
liberia,2069121,F,26,3,1
liberia,2069102,F,35,6,1
liberia,2069173,F,26,6,1
liberia,2069174,M,46,7,1
liberia,2069103,F,34,6,1
liberia,2069172,M,29,8,1
liberia,2069123,F,61,0,1
liberia,2069142,M,23,6,1
liberia,2069181,F,29,5,1
liberia,2069183,F,18,3,1
liberia,2069124,M,34,7,1
liberia,2069122,M,29,7,1
liberia,2070183,F,26,6,1
liberia,2070101,M,26,6,1
liberia,2070121,F,38,5,0
liberia,2070172,F,35,0,1
liberia,2070123,F,21,6,1
liberia,2070181,F,22,3,1
liberia,2070103,M,61,8,1
liberia,2070182,M,54,8,1
liberia,2070204,M,24,5,1
liberia,2070203,F,35,5,97
liberia,2070171,F,35,6,1
liberia,2070184,M,30,7,1
liberia,2070173,M,25,7,1
liberia,2070122,F,59,2,1
liberia,2070102,F,51,7,1
liberia,2070142,M,63,3,1
liberia,2070202,F,27,3,1
liberia,2070201,F,19,3,1
liberia,2070174,F,23,6,1
liberia,2070141,F,30,3,1
liberia,2071104,M,57,3,1
liberia,2071105,M,24,5,1
liberia,2071123,,,,97
liberia,2071173,M,26,7,1
liberia,2071171,F,48,6,1
liberia,2071121,M,23,6,0
liberia,2071223,M,23,5,1
liberia,2071181,F,30,1,1
liberia,2071102,M,37,6,1
liberia,2071182,F,29,2,1
liberia,2071103,F,36,88,1
liberia,2071141,F,39,6,1
liberia,2071175,M,25,7,1
liberia,2071473,F,43,6,1
liberia,2071201,F,30,7,97
liberia,2071172,F,45,0,1
liberia,2071142,F,49,3,1
liberia,2071124,M,23,7,0
liberia,2071183,F,34,4,1
liberia,2071101,M,29,6,1
liberia,2071174,F,65,0,1
liberia,2071221,M,38,7,1
liberia,207114,M,31,3,1
liberia,2072161,F,26,2,1
liberia,2072112,F,30,2,1
liberia,2072111,F,28,7,0
liberia,2072133,F,26,3,1
liberia,2072191,M,39,7,1
liberia,2072152,F,68,0,1
liberia,2072162,M,31,7,1
liberia,2072194,F,47,8,1
liberia,2072154,F,80,0,1
liberia,2072113,F,35,3,1
liberia,2072192,M,38,5,1
liberia,2072134,M,48,7,1
liberia,2072193,M,33,8,1
liberia,2072131,F,26,5,1
liberia,2072135,F,24,5,1
liberia,2072132,F,32,7,1
liberia,2072153,M,25,2,1
liberia,2072115,F,23,5,97
liberia,2072151,M,24,7,1
liberia,2072195,M,45,7,1
liberia,2073111,M,25,6,1
liberia,2073161,F,28,7,1
liberia,2073162,F,24,5,1
liberia,2073131,M,31,8,1
liberia,2073163,F,25,5,1
liberia,2073113,F,45,1,1
liberia,2073213,F,23,3,1
liberia,2073133,F,46,6,1
liberia,2073211,M,63,2,1
liberia,2073151,F,50,8,1
liberia,2073112,F,32,4,97
liberia,2073194,F,28,7,1
liberia,2073152,F,28,7,1
liberia,2073114,M,77,4,1
liberia,2073212,F,28,5,1
liberia,2073134,F,28,7,1
liberia,2073193,F,41,5,1
liberia,2073192,F,75,0,1
liberia,2073132,M,31,6,1
liberia,2073191,F,40,3,0
liberia,2074194,F,33,7,1
liberia,2074193,M,45,5,1
liberia,2074131,M,20,6,1
liberia,2074134,F,48,2,1
liberia,2074133,M,27,3,1
liberia,2074151,F,45,6,1
liberia,2074112,F,35,3,97
liberia,2074192,F,23,6,1
liberia,2074132,F,23,5,1
liberia,2074114,M,62,6,1
liberia,2074162,F,31,5,1
liberia,2074154,M,50,6,1
liberia,2074153,F,60,0,1
liberia,2074163,F,40,7,1
liberia,2074161,F,37,5,1
liberia,2074113,M,44,5,1
liberia,2074191,M,41,7,1
liberia,2074111,F,46,2,1
liberia,2074164,F,43,3,1
liberia,2075163,M,71,3,1
liberia,2075134,M,25,7,1
liberia,2075133,M,19,5,1
liberia,2075151,M,40,8,1
liberia,2075212,M,69,4,1
liberia,2075131,F,25,6,1
liberia,2075161,F,43,1,1
liberia,2075152,M,50,8,1
liberia,2075211,M,32,7,1
liberia,2075154,F,43,0,1
liberia,2075112,M,60,5,1
liberia,2075111,F,34,3,1
liberia,2075135,F,20,5,1
liberia,2075113,F,29,1,1
liberia,2075162,F,62,0,1
liberia,2075164,F,20,7,1
liberia,2075132,F,30,0,0
liberia,2075153,F,30,7,1
liberia,2075114,F,21,5,97
liberia,2075115,F,19,7,1
liberia,2076143,M,27,6,1
liberia,2076141,M,29,6,1
liberia,2076124,M,24,6,1
liberia,2076122,M,24,6,1
liberia,2076142,F,34,3,1
liberia,2076223,M,44,3,1
liberia,2076222,M,32,88,1
liberia,2076121,M,64,6,1
liberia,2076182,M,19,5,1
liberia,2076187,M,26,6,1
liberia,2076181,M,52,6,1
liberia,2076123,M,26,5,1
liberia,2076184,,,,1
liberia,2076186,M,28,3,1
liberia,2076145,M,34,3,1
liberia,2076125,F,34,7,1
liberia,2076183,F,39,2,1
liberia,2076221,M,44,2,1
liberia,2076127,F,30,6,1
liberia,2076126,M,57,7,1
liberia,2076185,M,25,6,1
liberia,2076128,M,35,88,1
liberia,2076144,F,26,2,1
liberia,2077193,F,25,0,0
liberia,2077154,M,56,5,0
liberia,2077115,M,47,3,1
liberia,2077151,M,45,7,1
liberia,2077114,F,25,1,1
liberia,2077111,F,50,3,1
liberia,2077131,M,99,8,0
liberia,2077132,F,42,6,1
liberia,2077162,M,55,5,1
liberia,2077152,M,55,6,1
liberia,2077194,M,26,6,1
liberia,2077113,F,23,3,97
liberia,2077153,F,45,0,1
liberia,2077163,F,32,5,1
liberia,2077161,M,69,6,1
liberia,2077133,,,,1
liberia,2077164,M,72,8,1
liberia,2077191,M,20,5,1
liberia,2077192,F,22,5,1
liberia,2077112,M,62,6,97
liberia,2078201,F,23,3,1
liberia,2078174,F,32,6,1
liberia,2078107,M,34,6,1
liberia,2078105,F,51,3,1
liberia,2078202,F,40,0,97
liberia,2078172,F,30,3,97
liberia,2078203,M,33,7,1
liberia,2078177,M,35,3,1
liberia,2078175,M,23,6,1
liberia,2078171,F,21,0,97
liberia,2078205,F,37,0,97
liberia,2078103,F,31,5,1
liberia,2078176,F,21,0,1
liberia,2078104,F,21,3,97
liberia,2078101,F,32,0,1
liberia,2078204,F,29,5,1
liberia,2078106,M,33,2,1
liberia,2078102,M,30,6,97